id,name,price,rating,feedbacks,brand
397455530,Массажер миостимулятор для тела пресса спины шеи микротоки,1278.0,4.7,71,eFlow
221329577,Миостимулятор 36 программ антицеллюлитный для похудения,2052.0,4.9,1021,
334678554,Миостимулятор 48 программ массажер для похудения,4196.0,4.9,1021,
221352035,Миостимулятор 36 программ массажер для похудения,1847.0,4.9,1021,
91028354,Миостимулятор массажер импульсный электрический для тела,2543.0,4.6,561,AShop
169351017,"Миостимулятор FZ-1 ""ШУБОШИ"" для мышц",3986.0,4.9,365,SHUBOSHI
251013688,"Миостимулятор FZ-2 ""ШУБОШИ"" для мышц",4001.0,4.9,365,SHUBOSHI
141376926,Миостимулятор электрический для тела и для похудения,3565.0,4.9,343,REMASO
35995950,"Миостимулятор FZ-1 ""ШУБОШИ"" для мышц",3846.0,4.9,545,SHUBOSHI
143533250,"Массажер миостимулятор для тела, спины, шеи и поясницы",2867.0,4.7,2166,TARGO
198641294,Миостимулятор Массажер электрический Тренажер для пресса,509.0,4.3,1187,Missis A
178910159,Импульсный миостимулятор для лечения всего тела JR-309A,1165.0,4.6,1281,AllerShop
43996867,Массажер миостимулятор для тела электрический,621.0,4.6,2748,"Ура, приехало!"
148830492,Массажер для тела Миостимулятор электрический импульсный,2115.0,4.6,442,Dizezo
268558045,Миостимулятор для тела электрический массажер,535.0,4.2,30,AlMaxBar
212081515,массажер электрический миостимулятор,2232.0,4.7,187,Dimarket
187998611,"Массажер миостимулятор для шеи, ног и спины электрический",7577.0,4.9,166,Dykemann
250135346,Мышечный миостимулятор электрический массажер для тела,1199.0,4.6,698,ROASTERS
141936084,Миостимулятор для тела и и пресса,361.0,4.3,8854,nazare
291888914,Спортивный массажер миостимулятор для тела электрический,2792.0,4.7,2166,TARGO
312901930,"Миостимулятор для пресса и рук, массажер для тела",638.0,4.6,1772,Furellia
44081627,Миостимулятор для пресса тренажер ABS Trainer MIO,5012.0,4.7,1504,Yamaguchi
236596238,"Электростимулятор для мышц, массажер миостимулятор",818.0,4.6,1772,FURVIREA
250133162,"Миостимулятор 36 программ, антицеллюлитный для похудения",1896.0,4.6,698,ROASTERS
365851028,Миостимулятор массажер импульсный электрический для тела,1112.0,4.8,50,
114150729,Аппарат миостимуляции B-333,11108.0,4.7,302,Estetik Beauty Body
346462615,"Массажер миостимулятор Incentivo, 36 режимов",2450.0,4.6,698,ROASTERS
328814914,Тренажер-миостимулятор для тазового дна и пресса для женщин,3693.0,4.9,243,Excellent Style
306073689,Массажер миостимулятор с тапками и поясом,12410.0,4.9,166,Dykemann
260607223,Реабилитационный тренажер для рук и ног после инсульта,2447.0,4.8,556,ReBalance
192370914,Массажер для шеи и плеч электрический миостимулятор,2235.0,4.6,292,
159323506,Массажер для лица микротоковый бандаж электрический,1990.0,4.6,999,Vilab
418581928,Миостимулятор массажер бабочка,491.0,4.7,37,
418588315,Миостимулятор бабочка массажер,452.0,4.7,37,
343099404,Физиотерапевтический аппарат миостимулятор электрический,4453.0,4.6,698,ROASTERS
314738795,миостимулятор массажер электрический,484.0,4.7,44,
85701168,Миостимулятор для женского здоровья EMBAGYN Pelvic Exerciser,11464.0,4.4,209,
418584790,Массажер миостимулятор бабочка с пультом,450.0,4.7,37,
61124788,Миостимулятор EMS-750 тренажер массажер,5709.0,4.8,3276,Planta
313142574,"Реабилитационный тренажер, миостимулятор для рук и ног",1876.0,4.6,20,ROASTERS
281044797,Миостимулятор для тела массажер для спины,833.0,4.8,27,
321178342,Массажер миостимулятор тренажер,423.0,4.3,44,
353888946,Аппарат миостимуляции для тела B-333A,9345.0,5.0,22,
318374112,Массажер миостимулятор для всего тела электрический,1742.0,4.6,570,KEP Ko
236420653,Миостимулятор массажер для тела электрический,915.0,4.6,2748,"Ура, приехало!"
314416549,Массажер электрический миостимулятор,5097.0,4.5,1151,Evo sante
147669017,Массажер миостимулятор,9413.0,4.7,64,Миоток
313622916,"Миостимулятор для тела, массажер для спины",1346.0,4.6,1772,Furellia
355476774,Массажер миостимулятор для тела пресса спины шеи микротоки,1772.0,4.7,71,eFlow
104503339,Массажер миостимулятор для тела EMS-300,3032.0,4.8,3276,Planta
248288568,миостимулятор массажер электрический,488.0,4.4,191,м пять звезд
264221158,Миостимулятор для тела с лор насадкой,1668.0,4.6,1772,Furellia
160527057,Электрический миостимулятор для тела и мышц,965.0,4.6,570,KEP Ko
108786610,Массажер электрический миостимулятор,1409.0,4.5,1151,Evo sante
315057523,миостимулятор массажер электрический,449.0,4.5,342,
318375411,Массажер миостимулятор для всего тела электрический,868.0,4.6,570,KEP Ko
366132108,Массажер миостимулятор микротоковый бабочка,590.0,4.9,766,
217790915,Миостимулятор массажер импульсный электрический для лица,603.0,4.7,764,The Basket
44096937,Миостимулятор для шеи и поясницы NECK Trainer MIO,4513.0,4.7,1504,Yamaguchi
322913969,Миостимулятор массажер для тела,1010.0,3.8,83,
171541891,Миостимулятор массажер для терапии,503.0,4.4,524,Lieblich Hause
312901173,"Миостимулятор для тела, массажер для спины",579.0,4.6,1772,Furellia
225747953,Аппарат для миостимуляции тела Формирование фигуры B-333,10918.0,5.0,22,
264135194,Массажер для похудения живота миостимулятор для пресса пояс,698.0,4.1,1755,Plantos
178777119,Массажер миостимулятор тренажер,472.0,4.5,929,YOUR&STORE
251230891,Массажер миостимулятор,2234.0,4.8,162,VOXORIA
226314337,"EVA Миостимулятор для лица и тела, против старения кожи",5349.0,4.9,50,TensCare
360630281,Пояс миостимулятор для похудения Biolift4 M13,6549.0,4.7,102,Gezatone
387714846,Антицеллюлитный массажер для тела для похудения,3460.0,4.9,25,EVELLA
20880491,Миостимулятор EMS-200 тренажер для пресса,2174.0,4.8,3276,Planta
399491740,Массажер для тела микротоковый,486.0,4.7,753,Массажер электрический
315410371,миостимулятор массажер электрический,451.0,4.4,191,
231599744,"Миостимулятор массажер для тела,тренажер кегеля EMS",2254.0,4.4,120,Ms.Mila
183867687,для спины шеи тела ног электрический,500.0,4.5,341,Миостимулятор массажер
209568635,Миостимулятор массажер тренажер для тела пресса и рук,582.0,5.0,2,Missis A
204716562,Миостимулятор,883.0,4.5,1776,FURVIREA
239622627,Миостимулятор для всего тела,406.0,4.3,2245,classic trends
253495405,Массажер женский миостимулятор для увеличения и роста груди,2197.0,4.6,561,AShop
394606252,Электрический миостимулятор для тела и мышц,2449.0,4.6,570,KEP Ko
252040073,Тренажер-миостимулятор для пресса и тазового дна,3123.0,4.4,165,ROASTERS
303471880,Тренажер миостимулятор для пресса,624.0,4.0,31,RuMir
226794955,Perfect BEAUTY миостимулятор для лица и тела,3871.0,4.9,50,TensCare
289722163,Массажный пояс миостимулятор для пресса XXL-XXXL,542.0,4.3,80,весна з
152741697,Микротоковый массажер для лица миостимулятор Medi Lift Plus,48920.0,4.8,31,Ya-Man
259328627,Миостимулятор массажер для терапии,485.0,4.5,103,SABERI
313653841,Массажер миостимулятор цифровой,467.0,4.1,148,
248313961,Миостимулятор для мышц EMS Smart Fitness,423.0,4.6,53,м пяать звезд
51722457,Пульт управления к миостимуляторам Controller,1501.0,4.7,126,Yamaguchi
191290143,Миостимулятор массажер для тела рук ног электрический,2150.0,4.4,120,Ms.Mila
74807917,Массажер для тела миостимулятор 10 режимов,807.0,4.8,20,Luazon Home
268558041,"Миостимулятор для пресса и рук, массажер",544.0,4.2,30,AlMaxBar
160298010,EMS массажер миостимулятор для ног и тела,205.0,4.2,160,тидор
232413557,Мини миостимулятор 2 шт,449.0,4.4,112,MARETTA
362178861,Микротоковый массажер для лица и тела,1795.0,4.8,1959,BodyRave
27541382,Миостимулятор EMS-350 тренажер массажер,2687.0,4.8,3276,Planta
369543748,Миостимулятор для тела с лор насадкой,1767.0,4.8,55,Furellia
204010629,миостимулятор массажер электрический,449.0,4.5,342,весна з
313722271,Миостимулятор для тела и и пресса,158.0,4.0,85,
44696286,Массажер для шеи и плеч миостимулятор электрический,991.0,4.7,2445,Ortech
51787540,Миостимулятор массажер электрический,1411.0,4.6,872,Evo sante
236802936,Виброплатформа тренажер для похудения,5539.0,4.9,854,P&F
258435392,Миостимулятор для ног FOOT Trainer MIO,7946.0,4.7,1504,Yamaguchi
231139981,Миостимулятор массажер для терапии,809.0,4.1,22,
269273309,"Миостимулятор для пресса, пояс для пресса",981.0,4.6,1772,Furellia
220795333,Миостимулятор Pelvifine тазового дна,4474.0,4.6,698,ROASTERS
232357064,Миостимулятор для мышц EMS Smart Fitness,433.0,4.5,139,весна з
394600906,Электрический миостимулятор для тела,4327.0,4.6,570,KEP Ko
141319553,Массажер для шеи тела импульсный миостимулятор электрический,1037.0,4.7,1801,Ortech
354659688,Портативный электрический массажер миостимулятор,1070.0,4.7,187,Dimarket
14154692,"Пояс-миостимулятор для похудения, тренажер пресса M10",3708.0,4.6,322,Gezatone
177482005,Миостимулятор EM49 белый,8097.0,4.9,34,Beurer
414886841,"Миостимулятор для пресса, пояс для пресса",1054.0,4.8,55,Furellia
217165605,Пояс миостимулятор для пресса и похудения,742.0,4.1,148,MARETTA
397642859,Миостимулятор для пресса,961.0,4.9,110,
231332321,Массажер для похудения живота миостимулятор для пресса пояс,880.0,4.1,1755,Plantos
397300881,Массажер перкуссионный электрический вибромассажер,2271.0,4.9,387,Massager gun
245525396,Миостимулятор для мышц тазового дна,4591.0,4.6,698,ROASTERS
320569490,Миостимулятор пояс для похудения,446.0,4.3,67,Sharif Shop
173241584,Косметический микротоковый вибромассажер для лица,1646.0,4.4,352,Dimarket
259347584,Тренажер-миостимулятор для тазового дна и пресса для женщин,3461.0,4.9,243,Excellent Style
204511996,Миостимулятор массажер для всего тела,1651.0,4.8,325,
369001845,Миостимулятор массажер для лица и тела электрический,710.0,5.0,2,RuMir
263006628,массажер перкуссионный электрический,1318.0,4.8,9073,GRAND
192979999,Пояс миостимулятор для похудения XXL,869.0,3.8,31,IDAGOODS
103849034,Массажер миостимулятор для терапии,584.0,4.1,20,Lucky L
272657295,"Миостимулятор, массажер импульсный для всего тела",1167.0,4.7,27,PowerNest
286626694,"Массажер для шеи, спины и тела",1909.0,4.9,1311,ATLAS M
258613995,Массажер миостимулятор вакуумный антицеллюлитный для тела,3009.0,4.8,384,DolcePeach
279668560,Миостимулятор для пресса электростимулятор для похудения,659.0,4.3,130,
217653354,Миостимулятор массажер импульсный электрический для тела,1148.0,4.7,764,The Basket
296821028,Миостимулятор тазового дна,3925.0,4.9,37,Море Полезностей
278820954,Массажер миостимулятор бабочка,560.0,4.7,753,Массажер электрический
319973063,"Миостимулятор для пресса, пояс для похудения",561.0,4.1,76,Ashna
238408711,Миостимулятор. Тренажер для пресса и рук,501.0,4.4,36,HasaniGROUP
183518025,Массажный Пояс-Миостимулятор,769.0,4.4,51,P&S COMPANY
120097589,Массажёр для похудения миостимулятор,506.0,4.5,117,Gooods
11925396,Массажер миостимулятор,732.0,4.0,84,Luazon Home
340459341,Массажер бабочка,412.0,4.7,753,Массажер электрический
222888040,"Миостимулятор, массажер для физиотерапии 9 режимов",1107.0,4.8,80,ANYSMART
219469592,Массажер для шеи электрический миостимулятор,505.0,4.5,32,Market Rocket
259612238,Массажер для шеи и спины электрический импульсный,636.0,4.2,217,МириКи
257896573,"Электрический головной массажер для головы, лица и тела",896.0,4.5,29,Like Home
406310144,Массажер для шеи и воротниковой зоны импульсный,949.0,4.8,47,AS Recovery
243792269,Миостимулятор для ягодиц от целлюлита EMS,2870.0,4.5,67,Ms.Mila
265830088,Реабилитационный тренажер для рук и ног после инсульта,2002.0,4.7,80,iParma
165741322,Миостимулятор массажер для тела и мышц,287.0,4.4,689,TandemSHOP
52241526,Массажер косметический электрический тренажер для пресса,1392.0,4.0,1040,TechZonech ADENIS
430188471,Импульсный миостимулятор для лечения всего тела,2888.0,4.9,32,
196843983,"Миостимулятор для пресса, пояс для похудения",716.0,4.2,1000,FURVIREA
241182990,Миостимулятор пояс для пресса,474.0,5.0,1,OptexpressTV
161953259,Косметический микротоковый вибромассажер для лица,2080.0,4.6,600,Dimarket
321087355,Микротоковый массажер для лица RF лифтинг микротоки,902.0,4.9,91,
284200562,Миостимулятор цифровой Меридиан,490.0,5.0,1,
156386684,Миостимулятор для пресса электрический,1149.0,4.4,141,ТвояПольза
213710877,Миостимулятор массажер для тела Меридиан,550.0,4.4,348,Balkh Star
238025311,Миостимулятор массажер электрический,653.0,4.4,64,BarryHome
65754115,Массажеры электрические 3 в 1,314.0,4.1,69,luxury club
316936466,Массажный пояс миостимулятор для пресса,425.0,4.2,66,
381576603,Массажер миостимулятор для тела электрический,468.0,4.0,109,
389079589,Электрический миостимулятор для пресса,552.0,4.4,174,GOODSTORAGE
19237483,Миостимулятор Elise,15840.0,4.3,74,TensCare
179825304,Микротоковый массажер для тела миостимулятор для пресса,262.0,4.3,176,Expo-Pro
267674032,"Миостимулятор, массажер импульсный для тела, профи",2183.0,4.3,25,ANYSMART
327037933,Электрический массажер миостимулятор для мышц,417.0,5.0,1,Cozyshop для дома
50511241,Миостимулятор для суставов электрический EM 28,3487.0,4.8,370,BEURER
190597588,Микротоковый массажер миостимулятор,158.0,3.8,35,LabiaB
327048053,Электрический массажер миостимулятор для пресса,321.0,5.0,1,Cozyshop для дома
324901316,Массажер бабочка с пультом,526.0,4.6,328,Массажер электрический
185540115,"Массажер для ног, миостимулятор EMSF-20",3125.0,4.8,3276,Planta
282095932,Массажер миостимулятор,946.0,4.5,71,
355755700,Массажер для похудения живота миостимулятор для пресса пояс,2303.0,4.7,115,Plantos
169247603,Миостимулятор для пресса электрический,1171.0,4.4,141,ТвояПольза
279628028,Миостимулятор для тазового дна,3502.0,4.6,1772,Furellia
194367611,Пояс для похудения Миостимулятор Массажер электрический,699.0,4.6,385,Sofia Luxury
199860699,Складной EMS массажер ног. Миостимулятор нейромышечный,748.0,4.3,36,P2P Online
147855472,Массажер миостимулятор для ягодиц EMS-250,1864.0,4.4,205,Planta
211950533,Миостимулятор массажер Бабочка,378.0,3.9,23,BalushaStore
351587032,Миостимулятор для пресса пояс для похудения,13411.0,4.8,55,
262515548,Массажер миостимулятор для терапии,585.0,5.0,1,The best shop prices
154413759,Массажер микротоковый электрический миостимулятор,212.0,4.2,1922,
218561678,Миостимулятор массажер Бабочка на пресс,589.0,4.3,31,Missis A
207684394,Массажер электрический миостимулятор для пресса рук тела,508.0,4.6,23,Сезон товаров
216256641,Миостимулятор для тела антицеллюлитный массажер VACU NeoBody,3180.0,4.5,80,Gezatone
174252707,"Миостимулятор для пресса, пояс для похудения",1018.0,4.2,1000,FURVIREA
19237484,"Миостимулятор для интимных мышц, Тренажер Кегеля",13547.0,4.5,219,TONIS
188936997,Мини массажер бабочка Миостимулятор для тела,313.0,4.3,22,Сезон товаров
190165312,Миостимулятор пояс для пресса,473.0,4.4,31,OptexpressTV
303492392,Миостимулятор тренажер для мышц пресса тела,609.0,4.5,38,RuMir
235749312,Массажер для тела Массажер электрический миостимулятор,147.0,3.7,20,Баба Маня
239618683,Электрический массажер для тела,183.0,4.3,2245,classic trends
111837401,Электронный массажер Цифровой импульсный миостимулятор,614.0,4.8,44,всё в домик
253122237,EMS массажер с разогревающим эффектом,1492.0,4.6,1772,FURVIREA
175537092,Массажер миостимулятор тренажер для спины шеи тела ног,802.0,5.0,3,modern welling
236939205,Миостимулятор импульсный массажер,239.0,4.4,29,
163743837,Импульсный миостимулятор для лечения всего тела,1083.0,4.7,286,Ruman
231431810,Миостимулятор-тренажер для мышц и ягодиц,440.0,4.1,39,Миостимулятор электрический
390778793,Миостимулятор мини для тела,286.0,5.0,1,
242831560,"Вакуумный массажер антицеллюлитный для тела, lpg",2811.0,4.8,121,BoSaj
282292160,Массажный Пояс-Миостимулятор,553.0,4.2,43,M&Mshop
170346702,Пояс для похудения Миостимулятор Массажер электрический,621.0,4.4,95,OT Shop
190528950,Массажер для тела электрический миостимулятор,409.0,4.3,93,ortoX
249674630,Массажер для лица микротоковый бандаж электрический,1825.0,4.7,166,J-Est
223351635,Массажер миостимулятор вакуумный антицеллюлитный для тела,2719.0,4.8,471,EVERI
179633280,Миостимулятор Mini для тела,264.0,4.3,213,Selard
267641140,Миостимулятор,667.0,5.0,1,ONECHOISE
194438944,Пояс для похудения Миостимулятор Массажер электрический,699.0,4.6,385,Sofia Luxury
159900838,Массажер электрический миостимулятор,226.0,4.1,644,A&F Group
195627583,Миостимулятор Mini для тела,255.0,4.4,187,Mini Massager
195627585,Импульсный массажер для ног EMS миостимулятор,374.0,4.2,75,EMS Massager
108673217,Вагинальный тренажер Кегеля миостимулятор мыщц тазового дна,4703.0,4.7,768,SensaTone
272647191,"Миостимулятор, массажер импульсный для всего тела профи",2116.0,4.7,27,PowerNest
319718286,Электрический массажер микротоковый миостимулятор,436.0,4.5,24,CostPrice
243021840,Миостимулятор Пояс для похудения,511.0,4.4,36,HasaniGROUP
147167296,EMS Массажер электрический для ног,825.0,4.7,1823,ARNAHealth
196854620,Миостимулятор массажер тренажер для тела пресса и рук,523.0,4.2,21,Сезон товаров
228922694,Массажер для спины и шеи микротоковый миостимулятор,294.0,4.3,103,GO SHOP
312899254,"Миостимулятор для шеи, подушка миостимулятор",3728.0,4.6,1772,Furellia
198312913,Стимулятор для мышц живота,837.0,4.3,2078,"Ура, приехало!"
288062550,Массажер для спины и шеи микротоковый миостимулятор,313.0,5.0,2,Missis A
198126599,Миостимулятор Mini для тела,298.0,4.5,100,Mini Massager
319223673,Массажный пояс миостимулятор для пресса,429.0,4.2,27,
283874508,Электрический массажер для тела 2 шт,296.0,4.2,863,Damka
187564837,Импульсный массажер для ног EMS миостимулятор,508.0,4.3,66,Selard
419428914,Спортивный массажер миостимулятор для тела электрический,933.0,4.4,64,BarryHome
201183193,Электрический пояс миостимулятор,444.0,4.1,126,Мэйшери
249559438,Массажер миостимулятор,631.0,5.0,1,ECOHOMELY
90611707,Миостимулятор Тренажер Кегеля Pelvifine KM518,8394.0,4.4,209,
208731978,Пояс-миостимулятор для похудения и жиросжигания массажер,371.0,3.6,42,Domanya
267825782,Массажер для ног миостимулятор,282.0,4.0,20,Fortuna.BRKT
293152733,Массажер для похудения живота,2742.0,4.6,51,GOLDEN FIT
208669037,Электрический массажер микротоковый миостимулятор,432.0,4.0,334,CostPrice
290863727,Массажер для тела,481.0,5.0,2,Win shop
244563420,Пояс для похудения массажер электрический тренировочный,1796.0,4.8,3813,
192970989,Стимулятор для мышц живота,1124.0,4.3,2078,"Ура, приехало!"
176541310,Массажер электрический для тела,152.0,4.1,497,электрические массажеры EMS
154631379,Миостимулятор,504.0,4.4,52,Yasmaz
141145037,Массажер для шеи Миостимулятор EMS Neck Massager,9725.0,4.8,239,Yamaguchi
244282458,Массажер миостимулятор тренажер,771.0,4.4,40,AZMAG
206724212,"Массажёр-коврик, импульсный",169.0,4.0,56,EMS FOOT MASSAGER
108435239,Массажер-миостимулятор для шеи HX-5880,429.0,4.2,391,ORZALA
16329046,Импульсный миостимулятор для лечения всего тела,1112.0,4.5,328,RIPOMA
195627738,Миостимулятор Mini для тела,302.0,4.1,31,mini ems
372471091,Тренажер бабочка с пультом,456.0,4.6,328,Массажер электрический
172075398,Миостимулятор импульсный массажер бабочка,392.0,5.0,1,PRODUSHOP
226456901,Массажер миостимулятор для тела,456.0,5.0,3,Haidarov Home
206250025,Пояс электрический жиросжигающий массажер для похудения EMS,2997.0,4.7,539,EMS & Heating
139113530,"Миостимулятор для влагалища, тренажер Кегеля",6919.0,4.5,212,R&A baby
274734385,Миостимулятор массажер импульсный электрический для тела,599.0,5.0,1,Hill brand
195586166,Миостимулятор-массажер для шеи и плеч с USB зарядкой,404.0,5.0,1,
260406744,Массажер для мышц брюшного пресса,529.0,4.4,174,GOODSTORAGE
234866369,Антицеллюлитный массажер для тела для похудения,2605.0,4.8,384,DolcePeach
180247969,Массажер для тела электрический миостимуляция,191.0,4.3,58,Nafisa-cosmetik
179046131,EMS миостимулятор-массажер для шеи и плеч,267.0,4.3,87,TorgList
223763380,Миостимулятор массажер для терапии,765.0,4.1,22,
263899530,Электрический массажер для тела,185.0,4.2,863,Damka
159244441,Миостимулятор USB мини массажер для тела бабочка,402.0,4.1,185,HomeMarket24/7
198313257,Пояс миостимулятор для похудения L,871.0,3.8,31,IDAGOODS
198472394,"Массажер для похудения тела, миостимулятор для пресса",425.0,3.8,65,GO SHOP
196992840,Мини массажер,173.0,4.1,20,Массажёр
111837400,Импульсный миостимулятор Массажер для тела Электростимулятор,626.0,4.6,65,Дом быта 63
150321287,Массажер микротоковый,451.0,4.7,31,MarketONE
173234055,Микротоковый массажер для лица rf лифтинг микротоки,840.0,4.8,4040,"""ng beauty"""
145254296,Массажер миостимулятор для терапии,683.0,5.0,5,KAMILLA
178660867,Массажер для шеи и плеч электрический,1290.0,4.8,559,7TON
190166061,Миостимулятор Массажер Пояс Тренажер Электрический,444.0,4.3,127,BarBaros
61881708,Миостимулятор EMS Smart Fitness,415.0,4.1,58,Мэйшери
96618878,"Миостимулятор тазового дна, тренажер Кегеля для женщин",3597.0,4.5,212,R&A baby
341047679,Миостимулятор для лица и всего тела массажер электрический,792.0,5.0,3,RuMir
175865693,Миостимулятор импульсный массажер бабочка,274.0,3.6,20,Сезон товаров
335214615,Электромассажер миостимулятор акупунктурный,529.0,5.0,1,
205796949,Массажер для ног электрический коврик,409.0,4.3,8854,nazare
104702955,Тренажер миостимулятор Кегеля,4475.0,4.5,71,NovaKegel
195627588,Массажер электрический Massager для тела миостимулятор,231.0,4.3,39,MINI
236798629,Миостимулятор массажер для терапии,621.0,4.8,30,Другой мир
273470070,Массажер миостимулятор для терапии,524.0,3.9,81,HOMEMARKET24/7
198348956,Массажер миостимулятор для терапии,516.0,4.3,503,HomeMarket24/7
191120064,Миостимулятор Массажер Пояс Тренажер Электрический,464.0,4.0,82,Home Shop
111837402,Массажер для тела Электростимулятор Импульсный миостимулятор,644.0,4.9,24,HOME SWEET HOME MM
276048597,Миостимулятор шеи Массажер-подвеска,836.0,4.4,60,MARETTA
230164961,Миостимулятор для тела,558.0,4.4,40,AZMAG
195627734,Массажер электрический Mini Massager для тела миостимулятор,225.0,4.2,77,EMS Mini Massager
195324674,Массажёр для лица бандаж микротоковый электрический,1872.0,4.6,291,NOVA-G
388673133,Сменные насадки на массажер бабочка,201.0,4.7,37,
219002030,Микротоковый массажер для тела миостимулятор для пресса,272.0,4.1,36,ARIF HOME
241187527,Миостимулятор пояс для пресса,404.0,3.7,72,
259982501,Миостимулятор для мышц пресса и тазового дна с насадками,4141.0,4.5,212,R&A baby
282298563,Массажный Пояс-Миостимулятор,548.0,4.3,35,2M.shop
208802036,Массажер бабочка электрический для тела,167.0,3.9,57,Pimin
170078190,Массажер электрический EMS миостимуляция,179.0,4.1,2957,OT Shop
224272499,Виброплатформа для похудения тренажер,5465.0,4.9,1634,PeakForm
154707733,Импульсный массажер для шеи и воротниковой зоны TENS,861.0,4.7,1671,KIHOME
209520605,Массажер для шеи и плеч электрический,1328.0,4.8,559,7TON
195569439,Электрический массажёр для тела,169.0,4.4,42,XomExpress
120391480,Электрический EMS массажер для ног и рук,574.0,4.6,2425,GoodLife
303426471,Массажер EMS электрический для тела бабочка,173.0,3.9,68,MagicBro
179417287,Массажер электрический Mini Massager для тела миостимулятор,239.0,4.1,78,Selard
233232064,Миостимулятор массажер для шеи электрический компактный,947.0,4.5,172,Массажер для шеи с тепловым прогревом
250839765,Aппарат Миостимуляция EMS,11106.0,4.9,60,YUETWIN
398379808,Массажер антицеллюлитный микротоковый для тела и головы EMS,1970.0,4.8,11665,TSOY
178660879,Массажер для шеи и плеч электрический,1295.0,4.8,559,7TON
175799928,массажер для тела миостимулятор,615.0,4.4,40,AZMAG
296274286,Массажер для спины и шеи,141.0,4.0,405,Golden store
183518077,Массажный пояс миостимулятор для пресса,880.0,4.2,42,MigMax
139626366,Массажер для шеи и плеч импульсный миостимулятор,765.0,4.6,448,Xiaomi
195627691,Импульсный массажер для ног EMS миостимулятор,373.0,4.0,25,EMS Massager
340544412,Массажер для тела жиросжигающий,1943.0,4.7,272,Curlbee
151669799,Аппарат миостимуляции тела,16886.0,4.8,33,GS group
270063928,массажер для тела спины и похудения,2192.0,4.8,559,7TON
250845242,Aппарат EMS Миостимуляция,11138.0,4.9,60,YUETWIN
201647766,Импульсный массажер для шеи и воротниковой зоны TENS,1320.0,4.7,1200,KIHOME
185521469,Миостимулятор для мышц 6 в 1,1481.0,3.7,32,CoLorful_LiNe
169443138,Массажер для ног электрический коврик,424.0,4.1,2957,OT Shop
262497374,Массажер электрический для тела,153.0,3.9,81,электрические массажеры EMS
259982050,Миостимулятор для интимных мышц тазового дна электрический,4075.0,4.5,212,R&A baby
238763259,Электрический ems массажер миостимулятор для тела,519.0,4.2,53,Baulderk
164286913,Массажер миостимулятор бабочка для похудения пресса и рук,926.0,4.0,51,RuMir
206015720,Ручка акупунктурная для лица и всего тела,1697.0,4.7,105,STЭFF
260867590,Пояс электрический жиросжигающий массажер для похудения,3587.0,4.7,289,IYNI
227887076,Микротоковый массажер для лица и тела,2092.0,4.9,2765,F A C E S
128955239,Нейромышечный вагинальный миостимулятор для укрепления мышц,3005.0,4.7,72,Kegel NMES
387043128,Массажер для ног и всего тела,303.0,4.4,530,classic trends
198735461,Миостимулятор электрический для пресса,517.0,4.6,24,Missis A
198016909,Миостимулятор для пресса и тела тренажер для мышц пояс,538.0,3.7,21,Сезон товаров
215922377,Массажер для спины и шеи микротоковый миостимулятор,233.0,4.0,47,Dima shop
175552141,Массажер электрический для всего тела миостимулятор EMS,210.0,4.5,125,BuyMart
296836467,Микротоковый массажер для лица и тела,1720.0,4.8,1959,BodyRave
59169214,Rf лифтинг массажер для лица с микротоками m1607,5492.0,4.7,2342,Gezatone
143753238,Массажер для шеи электрический,2227.0,4.7,2143,IGUARA
331429883,Аппарат миостимуляции EMS 4в1,12800.0,4.9,60,YUETWIN
195425977,Миостимулятор массажер электрический,645.0,3.6,28,Baulderk
183531469,Аппарат миостимуляции B-333,14792.0,4.8,41,Cosmetology Group
252571255,Микротоковый массажер для лица от морщин и отеков рф лифтинг,4911.0,4.8,599,LUXLIFTING
195627696,Массажер электрический Mini Massager для тела миостимулятор,250.0,4.4,705,mini ems
223922330,Массажер для шеи воротниковой зоны электрический импульсный,1110.0,4.7,681,Liparty
259982281,Электрический миостимулятор для интимных мышц тазового дна,5324.0,4.5,212,R&A baby
346640044,"Миостимулятор FZ-1 ""ШУБОШИ"" для мышц",2480.0,4.9,32,
173241288,Микротоковый массажер для лица RF лифтинг микротоки,991.0,4.8,6727,"""ng beauty"""
217456725,Массажер для лица электрический RF лифтинг микротоковый,1566.0,4.6,390,MinoFank
203501890,Массажер для лица электрический RF лифтинг микротоковый,1367.0,4.7,4300,OKLISH beauty
282777101,Массажер жиросжигающий для похудения,2449.0,4.7,272,Curlbee
385850752,Массажер для шеи,417.0,4.5,95,
155661080,Микротоковый массажер для лица микротоки rf лифтинг,1982.0,4.7,171,PRO_APER
135576690,Вагинальный тренажер Миостимулятор для интимных мышц,14109.0,4.6,267,Sensa TONE
214730042,Массажер миостимулятор,2427.0,4.1,156,Небо маг
117708024,Массажер миостимулятор для терапии Цифровой Меридиан Инструм…,790.0,4.5,91,Dominix
276051166,Миостимулятор шеи Массажер-подвеска,836.0,4.4,60,MARETTA
331332601,"Реабилитационный тренажер, миостимулятор для рук и ног",1811.0,4.8,556,ReBalance
174650201,Антицеллюлитный массажер для тела,2676.0,4.7,932,EMVIMASS
206752107,Перкуссионный массажер миостимулятор 3 в 1,1774.0,4.6,197,ИП Шкор У.С.
194547456,Массажер миостимулятор для лица микротоковый,6874.0,4.6,85,Luxeris
247044612,Электрический массажер - миостимулятор для похудения пресса,948.0,4.6,195,Myak_shop
138800327,Стимулятор мышц Массажер для тела миостимулятор,289.0,3.7,23,Миостимулятор для шеи
198454135,Миостимулятор для пресса,659.0,4.1,22,Миостимулятор тренажер для мышц
214337249,Массажер для спины и шеи микротоковый миостимулятор,213.0,4.4,230,GO SHOP
97582682,Массажер миостимулятор для похудения,704.0,3.7,38,Grand House
197599608,Массажер Тренажер электрический миостимулятор импульсный,538.0,3.8,24,Missis A
19354594,Тренажер миостимулятор для мышц пресса рук ног,416.0,4.1,168,GoodStore24
247781618,Микротоковый массажер для лица RF лифтинг,1198.0,4.7,3815,Louvo
173241055,Микротоковый массажер для лица электрический RF лифтинг,1047.0,4.8,6727,"""ng beauty"""
175865699,Миостимулятор импульсный массажер бабочка,303.0,3.6,20,Сезон товаров
229539758,Миостимулятор массажер тренажер для тела пресса и рук,522.0,4.3,334,Тренажер для пресса
139725412,Массажер для шеи и плеч импульсный миостимулятор,767.0,4.7,76,REDSEN
174691648,Микротоковый массажер для лица от отеков и морщин,2252.0,4.7,2646,LUXLIFTING
224366837,Электромассажер для ног миостимулятор массажный коврик EMS,345.0,4.2,51,Selard
230320718,Массажер миостимулятор для ног шеи спины и тела,618.0,4.5,83,Другой мир
211579760,Охлаждающий массажер - маска для лица и головы,966.0,4.7,72,head ICE ICE
165459822,Массажер для тела лица ног электрический для шеи,281.0,4.2,30,INAMORA CASA
176135675,Микротоковый массажер для лица электрический лифтинг,3272.0,4.9,1330,"""ng beauty"""
369514940,Электростимулятор для мышц,662.0,4.8,57,
246814829,Пояс миостимулятор для пресса,645.0,3.8,31,IDAGOODS
310993913,Вакуумный антицеллюлитный массажер для тела ног и ягодиц,1120.0,4.7,41,Fivory
230894585,Миостимулятор для мышц ягодиц,426.0,4.4,141,Rustem's store
413452261,Стимулятор для мышц живота,3113.0,4.3,2078,"Ура, приехало!"
71879726,Массажер для спины и шеи тела импульсный миостимулятор,3063.0,4.5,301,PrettyMassage
196853890,Массажер Пояс Тренажер Электрический Миостимулятор,501.0,3.7,31,Сезон товаров
284232420,Цифровой миостимулятор многофункциональный,618.0,4.5,83,Другой мир
109090733,Тренажер для пресса миостимулятор,2766.0,4.7,20,Sunday
229398109,Микротоковый массажер для лица и шеи,1296.0,4.7,677,FacialSPA
195096389,Массажер для ног и тела электрический миостимулятор,438.0,4.6,25,CostPrice
252312842,Массажер для ног и тела электрический миостимулятор,463.0,3.6,28,
227632093,"Липучки плеч, ног, рук для миостимулятора массажера, мышц",3221.0,4.1,64,Спортивный миостимулятор / тренажер для тела
158266616,Микротоновый массажер для шеи плеч головы спины,417.0,4.2,76,Cherry store
81549518,Импульсный массажер для шеи и воротниковой зоны,860.0,4.7,3231,Baikus
177158492,Массажер миостимулятор микротоковый для похудения живота,272.0,4.2,20,CEDA l HouseHolds
428280948,Электрический массажер микротоковый миостимулятор,1247.0,4.7,51,CostPrice
206002113,Ручка акупунктурная для лица и всего тела,1192.0,4.7,105,STЭFF
174776145,Миостимулятор массажер для шеи электрический компактный,1253.0,4.7,180,Bellagio House
169045665,миостимулятор,439.0,3.4,48,
151989527,Тренажер миостимулятор микротоковый для пресса и тела,1063.0,4.0,112,Light hole
221374690,Электрический массажер для лица коррекция,1805.0,4.7,204,URUSPO
240667779,Виброплатформа для похудения 206324729,5676.0,4.9,240,Golax
197600530,Массажер Тренажер электрический миостимулятор импульсный,419.0,4.1,37,Missis A
205872431,Миостимулятор массажер для тела и пресса,772.0,4.6,154,RuMir
271245775,Массажер EMS электрический для тела,183.0,4.2,182,AMiHOME
170075078,Электрический массажер для лица и шеи микротоковый,350.0,4.8,3671,Boev Store
177877982,Электрический вибромассажер для ног и стоп,6789.0,4.8,1234,Keona
253365433,Пояс для похудения миостимулятор,755.0,4.4,40,AZMAG
165568976,Массажер электрический Дарсонваль для лица и тела и волос,1232.0,4.6,106,Lajuls
59906666,Вагинальный тренажер,15367.0,4.4,27,TONIS MAX
154962159,EMS массажер миостимулятор для ног и тела,322.0,3.7,225,тидор
170554958,Массажер электрический для тела,269.0,4.2,112,Nurma
87665607,Массажер для шеи и плеч миостимулятор импульсный,3803.0,4.6,377,Xiaomi
94481874,А4 биологически активные точки для массажа хиджамы гирудо,433.0,4.7,1818,КРАСОТА & ЗДОРОВЬЕ
180402727,Косметический микротоковый вибромассажер для лица,2154.0,4.4,352,Dimarket
235840654,Микротоковый массажер для лица,2955.0,4.8,1200,BEAUTY fresh
195627589,Импульсный массажер для ног EMS,381.0,4.0,81,WayСклад
87685422,Микротоковый роликовый массажер для лица Biolift m101,4795.0,4.9,592,Gezatone
242323118,Микротоковый массажер для лица RF лифтинг Фонофорез,2431.0,4.8,1959,BodyRave
259028619,Массажер для шеи и спины(2п2),228.0,4.0,100,
177854660,Мини массажер бабочка электрические,250.0,4.2,281,WOOD STINKY
175548998,Массажер для тела бабочка,265.0,4.1,320,lineSel
165485145,Массажер для тела электрический микротоковый с подогревом,618.0,4.8,185,Home life
216803175,Миостимулятор массажер импульсный электрический для тела,1463.0,4.8,50,
212300288,Массажер для лица электрический RF лифтинг микротоковый,1566.0,4.7,4300,OKLISH beauty
313129356,"Массажер электрический для шеи, миостимулятор",626.0,4.5,103,SABERI
195627586,Электромассажер для ног миостимулятор массажный коврик EMS,410.0,4.0,54,EMS TRAINER
227023748,Виброплатформа для похудения 150 кг тренажер кардио степпер,5849.0,4.8,1134,ЦЕНТР РАСПРОДАЖ
188936420,Массажер электрический для тела,339.0,4.1,365,Сезон товаров
192338757,Электромассажер для ног миостимулятор массажный коврик EMS,479.0,3.9,61,Selard
48076520,Микротоковый массажер для лица Splando rf лифтинг,10853.0,4.7,221,OLZORI
198735633,Тренажер миостимулятор для пресса и тела,559.0,4.0,84,Missis A
162266250,Массажер электрический миостимулятор для пресса рук тела,509.0,3.6,23,ТютЮля SHOP
166751117,массажер бабочка,197.0,4.0,37,
195627693,Электромассажер для ног миостимулятор массажный коврик EMS,374.0,4.1,22,EMS FOOT MASSAGER
217984877,Электрический косметический массажер,1641.0,4.8,1495,JOJO.
195627740,Электромассажер для ног миостимулятор массажный коврик EMS,374.0,4.0,62,EMS TRAINER
198017044,Тренажер миостимулятор,534.0,4.3,127,Сезон товаров
212303240,массажер электрический для пресса,675.0,4.2,118,MarketONE
180248873,Массажер для тела электрический миостимуляция,226.0,4.2,26,BursNail
168306102,Массажер электрический для тела,189.0,4.2,225,масажиор мири для шеяь
155538674,Микротоковый массажер для лица rf лифтинг от морщин отеков,2675.0,4.8,4399,LUXLIFTING
154631070,Инструмент для терапии Цифровой меридиан Sale 8 Марта,564.0,4.6,31,Yasmaz
335513565,подарок на 8 марта массажер для похудения EMS,1955.0,4.5,26,
271250239,Массажер EMS электрический для тела бабочка,183.0,4.3,665,MK Home
305332046,"Массажёр для пресса и рук Luazon LEM-37, 6 режимов",943.0,4.9,22,SH&OK
18777442,Микротоковый массажер для лица rf ems лифтинг,8902.0,4.7,634,MOMAN
165459842,Массажер для тела лица ног электрический для шеи,277.0,4.2,26,RUSISH HOUSE
232167988,Электрический массажер для тела,333.0,4.4,64,BarryHome
181547475,EMS массажер для ног Массажер для ног электрический коврик,258.0,4.2,582,
159488078,"Электрический массажер для шеи, миостимулятор для тела",259.0,4.3,659,GOODSTORAGE
175897307,Миостимулятор-массажер,479.0,3.5,75,тренажер для тела
90737644,Для пресса рук ног Массажер похудеть миостимулятор тренажер,669.0,4.1,302,Magazin Happy
183162348,Массажер миофасциальный микротоковый стимулятор,2866.0,4.7,159,Nisus
116694546,Массажный аппарат для миостимуляции тела RU-800S,15472.0,4.8,78,OXY Beauty
215301947,Массажер миостимулятор,443.0,3.5,25,Bahora shop
335085369,Массажер электрический для ног микротоковый коврик,313.0,2.9,139,AMiHOME
153482366,Миостимулятор массажер Бабочка на пресс,414.0,3.5,497,TexnoBalu
68712051,Миостимулятор для тела и пресса,405.0,3.9,1480,HARBR FITNESS
328688863,Электрический микротоковый массажёр для лица и шеи,1905.0,4.9,34,BuyForHome
303474214,Тренажер миостимулятор для пресса,652.0,4.2,36,RuMir
381135211,Вакуумный антицеллюлитный массажер для тела ног и ягодиц,1447.0,4.8,62,Homely store
367493735,Микротоковый массажер для лица и тела,1541.0,5.0,81,FAFY
218006638,Микротоковый массажер для лица и шеи rf лифтинг,3027.0,4.8,156,BlissTouch
211071648,Электрический микротоковый массажер для похудения тела,395.0,4.4,371,Myak_shop
276616461,Массажер для лица электрический RF лифтинг микротоковый,2878.0,4.7,4300,OKLISH beauty
220050114,Массажер миостимулятор микротоки для мышц импульсный,272.0,3.6,25,GUZEL HOME
267102625,Набор БДСМ анальная пробка и электростимуляция сосков 18+,1413.0,4.4,142,Lelewo
190318267,Массажер для ног и тела электрический микротоковый коврик,491.0,4.5,25,VIHome
220698426,Массажер для лица EMS микротоковый для лифтинга и омоложения,4609.0,4.7,362,YOUTOPIA
333227644,Микротоковый массажер для лица от отеков и морщин,1150.0,4.7,44,HARISㅤ
366415225,Микротоковый массажер для лица RF лифтинг,1354.0,4.8,1959,BodyRave
207492675,Микротоковый массажер микротоки аппарат для лица,3205.0,4.8,2104,IGUARA
206382941,Массажер электрический перкуссионный,1300.0,4.6,197,ИП Шкор У.С.
249687230,Массажер для ног электрический миостимулятор,347.0,4.0,58,EMS
140398141,Тренажер миостимулятор электрический стимулятор,466.0,3.9,22,SilaPro
143500860,предотвращение возникновения и развития заболеваний стоп,1191.0,4.3,503,HomeMarket24/7
251837449,Цифровой меридиан импульсный инструмент KH-1334,650.0,4.7,37,Другой мир
233255690,Массажер для ног миостимулятор,298.0,3.7,25,Fortuna.BRKT
131866637,Микротоковый массажер для шеи плеч головы спины,422.0,4.2,391,ORZALA
248833861,Электрический массажер для ног и стоп,7412.0,4.9,1567,Keona
303494102,Миостимулятор тренажер для мышц пресса тела,650.0,4.3,28,RuMir
200241891,Вакуумный антицеллюлитный массажер для тела с EMS,7736.0,4.7,95,OLZORI
121058846,Массажер для шеи электрический с подогревом Jeeback G6,3535.0,4.6,61,Enchen
243426122,Массажер для тела и шеи электрический перкуссионный,1152.0,4.7,157,SABO Family
212341753,Пояс для похудения Массажер электрический,642.0,4.4,348,Balkh Star
195627590,Массажер для ног электрический миостимулятор,607.0,4.1,38,EMS
26247601,Набор миостимуляторов для мышц,1079.0,3.9,60,MyPads
256787604,Виброплатформа для похудения тренажер до 150 кг,4786.0,4.7,1317,IZISTRONG
213857579,EMS пояс для тренировки мышц,789.0,4.4,40,AZMAG
195627736,Импульсный массажер для ног EMS,313.0,4.1,125,Foot Massager
346397371,Миостимулятор массажер импульсный электрический для тела,1465.0,4.9,32,
204075090,Массажер для ног и тела электрический микротоковый коврик,335.0,4.2,281,WOOD STINKY
381125451,Вакуумный антицеллюлитный массажер для тела ног и ягодиц,1365.0,4.8,62,Homely store
173248121,Миостимулятор для похудения,3891.0,4.2,112,deMURe1
370579939,"Миостимулятор для пресса, пояс для похудения",739.0,4.8,640,World of Gadgets
221149393,Массажер для ног и стоп электрический,779.0,4.0,28,CostPrice
383433375,Виброплатформа для похудения кардио степпер тренажер,5643.0,4.8,32,ZEFIR FITNESS
303470722,Миостимулятор для пресса и рук массажер,942.0,4.1,33,RuMir
195627697,Импульсный массажер для ног EMS,359.0,4.2,29,EMS TRAINER
154898610,Массажер для шеи и спины электрический импульсный,1877.0,4.6,794,KidSSMART
179443748,Импульсный массажер для ног EMS,354.0,4.1,79,Selard
186309593,Массажер для шеи и спины электрический импульсный,1712.0,4.6,1187,KireiTech
256528965,Микротоковый аппарат для лица,2602.0,4.8,1200,BEAUTY fresh
251341860,Вакуумный антицеллюлитный массажер для тела ног и ягодиц,1181.0,4.7,4585,HomelySpa
167314362,Массажер для ног и тела электрический микротоковый коврик,211.0,3.6,8996,Eligio
346876183,Массажер для лица микротоковый,2105.0,4.7,4300,OKLISH beauty
198153403,EMS Массажер электрический для ног,370.0,4.0,7650,GO SHOP
169578266,Вакуумный антицеллюлитный массажер для тела,2530.0,4.4,29,Body&Beauty
155143944,Массажер для шеи и спины электрический импульсный,903.0,4.6,794,KidSSMART
377794481,Электрический массажер для ног и стоп,5756.0,5.0,47,ZICRAFT
212474513,Антицеллюлитный массажер для тела миостимулятор,675.0,4.0,35,М.А.Г.
316040241,Микротоковый массажер для лица и тела,1567.0,4.8,36,Ulocool
222657645,Массажер для лица EMS лифтинг,2951.0,4.8,287,Honey destiny
251341862,Вакуумный антицеллюлитный массажер для тела ног и ягодиц,1180.0,4.7,4585,HomelySpa
186823795,Массажер для головы и тела электрический мурашка,1625.0,4.6,1154,URUSPO
177616027,Массажный матрас электрический массажер для спины и тела,6300.0,4.7,1207,STARRKO
325196430,Микротоковый массажер микротоки аппарат для лица,3198.0,4.8,2104,IGUARA
378718576,Электромассажер реабилитационный тренажер после инсульта,1677.0,5.0,23,
206955272,Микротоковый массажер для шеи плеч головы спины КН-960,792.0,4.2,391,ORZALA
251300728,Массажер для шеи электрический импульсный микротоковый,1028.0,4.6,86,MIT HOUSE
152626453,Миостимулятор-тренажер для тела бабочка,288.0,4.1,37,Optmobilion
329436888,Электрический микротоковый массажёр для лица и шеи,3148.0,4.9,34,BuyForHome
216565249,Массажер для тела электрический миостимуляция,203.0,3.5,25,Bahora shop
384005013,EMS Массажер электрический для ног,384.0,4.4,23,DEVADE
68385834,Миостимулятор тренажер для пресса вибромассажер для тела,539.0,4.0,67,NG XXII
218707262,Массажер микротоковый для лица и шеи,1618.0,4.8,98,МанТа
280489429,Массажер многофункциональный для лица и шеи,567.0,4.8,187,MVcarrot
219461941,Массажер для головы электрический мурашка,1842.0,4.6,794,KidSSMART
303471498,Тренажер миостимулятор для пресса,638.0,4.4,71,RuMir
251341861,Вакуумный антицеллюлитный массажер для тела ног и ягодиц,1175.0,4.7,4585,HomelySpa
205027828,Массажер Nozomi MH-102,3564.0,4.9,148,AND
68385844,"Миостимулятор тренажер для мышц пресса тела, Электрический в…",545.0,4.2,20,Дом быта 63
263597292,"Электрический косметический массажер для шеи, спины и тела",1405.0,4.7,6078,Rellax&massage
358212202,Электрический массажер для ног и стоп,7194.0,4.7,2337,KORPHOUS
196739566,Электрический массажер для ног и стоп,8928.0,4.9,1567,Keona
151183926,Миостимулятор массажер Бабочка на пресс,402.0,3.4,188,TEXNIKA
263109602,Массажный пояс для похудения вибромассажер электрический,1165.0,4.4,25,For the house
239995237,Тренажер для пресса живота,4023.0,4.7,503,Supretto
195627581,Массажер для ног электрический,370.0,4.1,48,EMS FOOT MASSAGER
366776235,Мини массажер,248.0,3.8,89,sanleo
312601189,Массажер для лица и шеи глаз от отеков морщин микротоковый,1263.0,4.7,5036,Chernika
211898286,Массажер для лица и шеи электрический от морщин,420.0,4.7,24,DILIMSHOP
350293329,Массажер для лица электрический RF лифтинг микротоковый,2496.0,4.9,142,mal'vi
177613721,Массажный матрас электрический массажер для спины и тела,7419.0,4.7,1207,STARRKO
161953258,Косметический микротоковый вибромассажер для лица,2133.0,4.6,600,Dimarket
250134925,Электрический массажер для ног и стоп,9366.0,4.9,1567,Keona
173244161,Электрический EMS микротоковый вибромассажер для лица и шеи,1827.0,4.4,352,Dimarket
263597293,"Электрический косметический массажер для шеи, спины и тела",1398.0,4.7,6078,Rellax&massage
212822487,Массажер миостимулятор электрический тренажер для пресса,589.0,4.0,20,Missis A
155176028,USB мини массажер для тела бабочка Миостимулятор,332.0,4.3,154,ДаниМарк
257817570,Пояс для похудения живота массажер,786.0,4.5,103,SABERI
378767759,Массажер для тела электрический,1547.0,4.6,22,
299047413,Микротоновый массажер для шеи плеч головы спины,401.0,4.4,44,Первый Молл
404377554,Микротоковый массажер для лица и тела,1797.0,4.8,1959,BodyRave
333501473,Массажер перкуссионный электрический вибромассажер,1548.0,4.9,387,Massager gun
228971674,Массажер электрический для похудения живота,916.0,4.4,57,IDRISHOP
207213537,Микротоновый массажер для шеи плеч головы спины,2204.0,4.2,76,Cherry store
342560718,Вакуумный антицеллюлитный массажер для тела ног и ягодиц,985.0,4.3,111,ArmStore-lux
262928979,Пояс-миостимулятор для похудения,727.0,4.6,28,ECOHOMELY
342560719,Вакуумный антицеллюлитный массажер для тела ног и ягодиц,986.0,4.3,111,ArmStore-lux
173241582,Косметический микротоковый вибромассажер для лица,1646.0,4.4,352,Dimarket
212188612,Импульсный массажер для шеи и спины,1878.0,4.5,494,ALITMILA
145754360,Массажер для ног электрический коврик,307.0,4.4,43,BalushaHome
188139306,Микротоковый массажер для лица и тела,1990.0,4.8,2519,TosWa
285867323,Массажер электрический для ног,328.0,4.1,106,
141266371,EMS Массажер для ног и стоп электрический,390.0,4.3,109,CHICO MARKET
156075010,Микротоновый массажер для шеи плеч головы спины,439.0,4.3,71,ARZOO
270163270,Электрический вибромассажер для ног и стоп,9487.0,4.9,602,Keona
197760667,Кабели для миостимуляторов Компекс,2653.0,4.8,153,Compex
229184600,Микротоковый массажер для лица бандаж,916.0,4.7,405,Dent X
264787518,Массажер для тела и шеи электрический перкуссионный,988.0,4.5,23,ZerBrand
177136469,Электрический массажер микротоковый миостимулятор,411.0,3.8,88,CostPrice
255756352,Микротоковый массажер микротоки аппарат для лица,3189.0,4.8,2104,IGUARA
201399915,Массажный пояс для похудения,1094.0,4.3,205,Balkh city center
260831249,Массажер для лица микротоковый RF лифтинг,1034.0,4.6,243,MED BEAUTY
208374018,Роллер-массажер для лица и шеи L-Mirru,11317.0,4.8,277,OLZORI
162301796,Массажер для ног и тела электрический миостимулятор,4964.0,3.6,114,AURA®.
215876768,Массажер электрический для ног коврик,421.0,4.2,308,pro100market
209110843,Массажный пояс для похудения,953.0,4.6,22,Home Time
144150099,Массажер механический,500.0,3.5,26,Тренажер миостимулятор для пресса
4861381,Микротоковый лифтинг массажер для лица m100,2471.0,4.6,1136,Gezatone
207260277,Микротоновый массажер для шеи плеч головы спины,2210.0,4.3,71,ARZOO
267043072,Виброплатформа для похудения кардио степпер тренажер,4997.0,4.6,159,OLIVIAN
203277175,Перкуссионный массажер Electric Massage GunMV-FG-0308,9927.0,4.6,57,Xiaomi
92192841,Массажер EMS,825.0,3.9,22,A дома лучше
325753446,Микротоковый массажер для лица RF лифтинг микротоки,901.0,4.9,91,
160485103,Массажер для спины тела электрический импульсный EMS,291.0,3.8,86,1000 Мелочей
227043014,Массажер бабочка электрический мини,208.0,3.7,128,Home-ShopExp
203491674,Микротоковый массажер для лица RF лифтинг,1323.0,4.8,603,OKLISH
317323425,Косметический Микротоковый массажер для лица RF лифтинг,694.0,4.6,55,Meus ventus naniva
162308681,EMS массажер миостимулятор для ног и тела,288.0,3.9,87,EMS массажер для ног
299214296,массажер перкуссионный электрический,1410.0,4.8,9073,GRAND
342560720,Вакуумный антицеллюлитный массажер для тела ног и ягодиц,985.0,4.3,111,ArmStore-lux
100959583,Массажер для ног электрический,512.0,3.9,75,АРТ ПОДАРКИ
258814932,Массажер перкуссионный для спины и тела электрический,2475.0,4.6,223,MASSAG
92192836,"Массажер бабочка для пресса,рук,ног,тела",401.0,3.9,24,A дома лучше
303491069,Миостимулятор тренажер для мышц пресса тела,578.0,4.4,42,RuMir
265563093,Массажер для головы и тела электрический мурашка,1340.0,4.2,99,
188666535,Массажер с микротоками для тела и пресса,262.0,4.1,184,D l HOME
166102139,Массажер для тела ног массажа шеи перкуссионный пистолет,812.0,4.7,6922,массажный пистолет ПРЕМИУМ
222657684,Массажер для всего тела,2250.0,4.7,111,A-DAY VIBE
173244160,Электрический EMS микротоковый вибромассажер для лица и шеи,1829.0,4.4,352,Dimarket
370282193,"Массажер для шеи, спины и тела",1897.0,4.7,250,FlexiFit
164229128,Микротоковый массажер для лица подарок на 8 марта,1480.0,4.8,1516,4U_room
139193152,RF лифтинг аппарат для лица против отеков,2152.0,4.7,172,Your Youth
237275893,Массажер для шеи воротниковой зоны электрический импульсный,798.0,4.7,681,Liparty
354626462,Электрический вибромассажер для кожи вокруг глаз,1015.0,4.6,600,Dimarket
226792329,Массажер для лица электрический микротоковый от морщин,615.0,4.2,407,000-Art
160859490,Массажер для ног электрический коврик акупунктурный,417.0,4.1,50,Shah-ruh
200606805,Перкуссионный массажер Electric Massage Gun,9857.0,4.7,70,Xiaomi
359523903,"Массажер для шеи, спины и тела",1604.0,4.7,1812,Re:Fit
177755412,Массажный матрас электрический массажер для спины и тела,5828.0,4.7,1207,STARRKO
155169229,Косметический микротоковый вибромассажер для лифтинга,675.0,4.5,43,FeelGood
371341268,Виброплатформа для похудения тренажер кардио степпер,4871.0,4.8,60,
410296117,EMS Массажер электрический для ног,439.0,4.4,64,BarryHome
159396020,Массажер для шеи спины и тела электрический импульсный,903.0,4.7,439,Homa Doma
200527796,Микротоковый массажер для лица и шеи от морщин и отеков,1118.0,4.7,561,antiStore_Beauty
375748816,Виброплатформа для похудения тренажер,5642.0,4.3,111,ArmStore-lux
155169228,Косметический микротоковый вибромассажер для лифтинга,786.0,4.5,43,FeelGood
90029941,Массажер для лица электрический,1837.0,4.7,525,Anlars
153241056,Массажер для ног электрический коврик,397.0,4.1,23,EMS массажер для ног
367425486,Микротоковый массажер для глаз и лица микротоки,1560.0,4.7,165,Dream Me
386261012,Микротоновый массажер для шеи плеч головы спины,377.0,4.4,44,
226792328,Массажер для лица электрический микротоковый от морщин,615.0,4.2,407,000-Art
198930846,Перкуссионный массажер для тела,1550.0,4.7,190,SmartStore
224339043,Импульсный массажер для ног EMS,377.0,4.2,45,Selard
293174131,Микротоковый массажер для лица и шеи RF-лифтинг Фонофорез,3102.0,4.9,626,RFLY
169492988,Массажер для ног электрический EMS миостимулятор,953.0,4.1,153,Selard
217980571,EMS Массажер электрический для ног,277.0,3.8,167,GO SHOP
303948402,Массажер для лица микротоковый электрический от отеков,1106.0,4.3,71,BEHAVE
224991102,"Электромиостимулятор, массажер для спины и шеи, 6 режимов",881.0,4.2,44,ANYSMART
279333423,Виброплатформа для похудения тренажер,6980.0,4.7,1812,Re:Fit
370578988,Массажер для лица и шеи глаз от отеков морщин микротоковый,1164.0,4.8,520,Chernika
173244164,Электрический EMS микротоковый вибромассажер для лица и шеи,1828.0,4.4,352,Dimarket
185283478,Микротоковый массажер для лица 3d и аппарат rf лифтинг ems,4345.0,4.9,30,Lacon
208644648,Миостимулятор тренажер для мышц пресса тела,605.0,3.8,29,Missis A
198735371,Миостимулятор для пресса и тела тренажер для мышц пояс,538.0,3.8,44,Missis A
236178371,"Электрический косметический массажер для шеи, спины и тела",1532.0,4.7,5170,Массажная подушка
431364629,Массажер для ног электрический коврик,435.0,4.4,594,
189042789,Микротоновый массажер для шеи плеч головы спины,376.0,4.4,44,Best buy
216844557,Массажер для шеи спины ног тела электрический Nozomi MH-102,3286.0,4.6,61,AND
244057344,Массажер для тела антицеллюлитный,2420.0,4.5,75,Алиса@
383760972,Миостимулятор антицеллюлитный с пультом для похудения,4542.0,4.8,239,Valencia Sport
382999552,Виброплатформа для похудения кардио степпер до 150 кг,4782.0,4.9,62,nv_store
229767050,Массажер для лица электрический микротоковый от морщин,789.0,4.2,407,000-Art
345036723,Вакуумный антицеллюлитный массажер для тела ног и ягодиц,1216.0,4.7,4585,HomelySpa
179327762,Микротоновый массажер для шеи плеч головы спины,377.0,4.3,43,Best buy
198129723,Массажер для шеи плеч электрический импульсный,1705.0,4.6,1187,KireiTech
386261736,Микротоновый массажер для шеи плеч головы спины,377.0,4.3,43,
145745754,Массажер электрический для шеи спины,435.0,4.0,25,CHICO MARKET
208468175,Массажер для лица электрический микротоковый от морщин,791.0,4.2,407,000-Art
136321945,Пояс для похудения живота Миостимулятор,642.0,4.5,174,OptexpressTV
124159035,Тренажер для ног и бедер антицеллюлитный эспандер,1476.0,4.7,135,da.v.dom
244960431,Микротоковый массажер для тела и головы с EMS,2041.0,4.8,3846,OGAY
174073641,Ручной массажер для шеи электрический с подогревом,1753.0,4.5,81,Cosmetos
394416627,Охлаждающий массажер в наборе 2 шт - маска для лица и головы,1746.0,4.7,72,head ICE ICE
231721084,"Ручка акупунктурная Массажер для лица, шеи, тела, рук, ног",999.0,4.3,20,Мой Маркет
144891056,Массажер для шеи и тела электрический микротоковый,955.0,4.8,34,S&Dreams
261224691,Массажер для ног электрический,364.0,4.3,168,EMS FOOT MASSAGER
212474514,Мини массажер бабочка электрический,428.0,4.0,35,М.А.Г.
257897064,"Электрический головной массажер для головы, лица и тела",896.0,4.5,29,Like Home
250883588,Массажер для шеи и спины электрический микротоковый,673.0,4.3,31,
205735096,Массажер для шеи и спины электрический микротоковый,510.0,4.3,157,The Gift House
233650763,Массажер для шеи спины и тела электрический,1359.0,4.5,30,Харитоsh_Все для Вас
260906621,Массажер для ног электрический коврик,462.0,4.2,145,Ali shop
18777443,Микротоковый массажер для лица RF EMS лифтинг,8902.0,4.7,634,MOMAN
265981268,Микротоковый массажер для лица RF лифтинг,1298.0,4.7,503,Infinity store
208401564,EMS Массажер электрический для ног,272.0,3.8,37,Aminov Tv
109059870,"Массажер для шеи электрический, микротоковый",1730.0,4.5,389,OMYXON
261224690,Массажер для ног электрический,364.0,4.5,231,EMS FOOT MASSAGER
170173598,Массажер для ног электрический микротоковый коврик,335.0,3.9,112,MS GRANT
213360742,"Массажер для шеи, спины, головы электрический, микротоковый",4851.0,4.5,172,Best buy
175777288,Массажёр для тела стимулирующий,257.0,4.0,42,TVS_SHOP
165680722,Вибро массажер для шеи и головы микротоковый импульсный,1860.0,4.7,98,JEELS
160887429,Тренажер миостимулятор для пресса и тела,609.0,3.7,57,Pug House
212474512,Антицеллюлитный массажер для тела миостимулятор,754.0,4.0,35,М.А.Г.
222186417,Массажер для шеи электрический импульсный вибромассажер,1554.0,4.5,61,000 9255132020 KNS
362480794,Электромассажер реабилитационный после инсульта,2545.0,5.0,25,
192004679,Микротоковый электрический массажер для лица,873.0,4.1,25,Beperfect
403235880,"Массажер для шеи, спины и тела",1505.0,4.7,250,FlexiFit
242400366,Массажер для лица и шеи микротоковый и аппарат rf лифтинг,941.0,4.3,342,Alisashops
195627741,Массажер для ног электрический миостимулятор,458.0,3.7,55,EMS
261224725,Массажер для ног электрический,374.0,4.4,42,EMS FOOT MASSAGER
209347158,Массажер для шеи и спины электрический импульсный,546.0,4.0,24,Extoni
159759869,Портативный мини-,357.0,3.5,25,массажер для тела.
264415389,Массажер для ног электрический миостимулятор,430.0,4.0,20,EMS
370580375,Массажер для лица и шеи глаз от отеков морщин микротоковый,1245.0,4.8,520,Chernika
156968410,Вакуумный антицеллюлитный массажер для тела ног и ягодиц,1059.0,4.4,29,Body&Beauty
370280506,"Массажер для шеи, спины и тела",1530.0,4.7,250,FlexiFit
266565943,Дермапен H5 White,16013.0,4.9,471,Dr.Pen
273470050,предотвращение возникновения и развития заболеваний стоп,1191.0,3.9,81,HOMEMARKET24/7
367423060,Микротоковый массажер для глаз и лица микротоки,1341.0,4.7,165,Dream Me
233066882,Микротоковый массажер для лица и шеи электрический EMS,1590.0,4.9,165,QUIX
94481875,А3 биологически активные точки для массажа хиджамы гирудо,528.0,4.7,1818,КРАСОТА & ЗДОРОВЬЕ
417604657,Виброплатформа для похудения тренажер,9219.0,4.9,854,PeakForm
433664040,Виброплатформа для похудения и укрепления здоровья,5053.0,4.9,62,nv_store
375610022,Массажер EMS лифтинг микротоковый,978.0,4.7,60,SaleHome
33915463,Микротоковый массажер для лица rf ems лифтинг,8902.0,4.7,634,MOMAN
160487628,Массажер для шеи спины и тела электрический импульсный,923.0,4.7,49,Homa Doma
160301381,Массажер для ног и стоп электрический коврик EMS,347.0,3.8,86,1000 Мелочей
260982432,Лифтинг микротоковый массажер для лица,2190.0,4.7,183,Easy Trade
160424864,Массажер для спины шеи и плеч,1136.0,4.3,194,Best buy
257897065,Электрический головной массажер для кожи головы,896.0,4.5,29,Like Home
195992623,Электромиостимулятор Тренажер Маркелова,36023.0,4.7,548,SELFDOCS
416407275,Массажер перкуссионный электрический вибромассажер,1143.0,4.4,594,
279956239,Микротоковый косметический массажер для лица RF лифтинг,1080.0,4.8,102,AiSberg
266566716,Дермапен H5 Gold,16014.0,4.9,471,Dr.Pen
165415885,Тренажер массажер EMS,390.0,4.3,3933,ARNAHealth
178785530,Ручка массажер для всего тела акупунктурная,616.0,4.7,88,STЭFF
232088903,Массажный матрас для всего тела,7959.0,4.6,276,PRO Starrko
362191797,Микротоковый массажер для лица и тела,1797.0,4.8,1959,BodyRave
153160292,Массажер для ног электрический коврик,349.0,4.0,442,Nihao Дом
219809298,Массажер для лица,3096.0,4.7,279,Mezonica
312601146,Массажер для лица и шеи глаз от отеков морщин микротоковый,1311.0,4.7,5036,Chernika
215605204,Массажер бабочка для ягодиц,424.0,3.9,23,BalushaStore
176739984,Массажер для шеи и спины,706.0,3.8,105,CostPrice
17796422,Роликовый массажер для лица микротоковый L-Mirru,11275.0,4.7,293,OLZORI
229767313,Массажер для лица электрический микротоковый от морщин,789.0,4.2,407,000-Art
316907379,Массажер для тела электрический,508.0,4.3,205,Balkh city center
367500997,Массажер для лица электрический RF лифтинг микротоковый,1036.0,4.8,80,FAFY
343085766,Микротоковый массажер RF лифтинг для лица,936.0,4.7,545,Launa
221907836,Массажер для шеи электрический импульсный,909.0,4.3,33,I@D RELAX
375587245,Микротоковый массажер для лица и шеи от морщин и отеков,1051.0,4.7,60,SaleHome
321527395,Массажер для лица электрический RF лифтинг микротоковый,1379.0,4.8,74,ChillS
253733544,Массажер для шеи и спины,1352.0,4.3,32,Homemade
160512409,электрический роликовый,1242.0,4.4,416,Массажер для спины и шеи
224084105,Массажер подушка для шеи,1863.0,4.6,228,AlPHA технологии
243635907,Массажер умный электрический для головы,947.0,4.3,67,Sharif Shop
229899357,Массажер для ног электрический микротоковый,319.0,4.3,29,
143706614,Микротоковый массажер для лица лифтинг электрический EMS,2943.0,4.8,939,Beauty Home A&N
255482119,Массажер для ног и стоп электрический роликовый с подогревом,8699.0,4.9,1567,Keona
199168055,Массажер Пояс Тренажер Электрический Миостимулятор,745.0,4.2,45,домашние трофеи
257897063,"Электрический головной массажер для головы, лица и тела",896.0,4.5,29,Like Home
418686538,Массажный матрас электрический массажер для спины и тела,4932.0,4.7,1207,STARRKO
88064207,Массажер для лица,4360.0,4.6,107,Mezonica
371756284,Массажер для шеи спины и тела,1210.0,4.7,1452,
140699703,Косметический микротоковый вибромассажер для лица,1670.0,4.6,600,Dimarket
233650481,Массажер для шеи спины и тела электрический,1359.0,4.5,30,Харитоsh_Все для Вас
159659909,Микротоковый массажер для лица косметический RF лифтинг,1831.0,4.6,755,swisscare
181271983,"Электрический косметический массажер для шеи, спины и тела",1533.0,4.5,1509,Electro Shop
255619595,Микротоновый массажер для шеи плеч головы спины,380.0,4.4,35,Good box
226159793,электрический массажер для спины и шеи,1610.0,4.5,434,ТЕХНО ЛАЙН
222629643,Массажер для шеи и спины электрический импульсный JT-88,1185.0,4.6,78,GOODSTORAGE
165450701,Тренажер массажер EMS для ног,866.0,4.3,3933,ARNAHealth
222658505,Профессиональный микротоковый аппарат рф лифтинг для лица,4281.0,4.8,413,Kirei Tech
151044815,Массажер для ног электрический,688.0,3.9,75,АРТ ПОДАРКИ
381230073,Электромагнитный массажер для шеи,714.0,4.8,48,LenMar
224346075,Электромассажер для ног EMS,426.0,3.5,37,Selard
303487283,Массажер тренажер электрический,967.0,3.9,21,RuMir
291679081,Массажер для ног электрический,456.0,3.6,36,amlelgirin New home
316907378,Массажер для тела электрический,508.0,4.3,205,Balkh city center
176410178,Массажер мио стимулятор для шеи,4607.0,4.6,33,COMTEK
338492344,"Массажер для шеи, спины и тела",1604.0,4.7,1812,Re:Fit
174472190,Косметологический SMAS-лифтинг микротоковый массажер лица,5784.0,4.6,96,Массажер для лица и тела / Косметический аппарат /
245908579,Массажер для лица косметический RF лифтинг микротоковый,1175.0,4.8,250,
328160041,Массажер для шеи электрический,1300.0,4.3,111,ArmStore-lux
260152044,Массажер для шеи и спины,1420.0,4.7,5170,
268599664,Массажер для шеи электрический импульсный подушка в дорогу,1239.0,4.6,86,MIT HOUSE
228145946,Микротоковый массажер для лица RF лифтинг электрический,1086.0,4.6,67,TimeToCreate
230916733,Массажер для тела ног массажа шеи перкуссионный пистолет,499.0,4.4,2532,Eligio
215001212,"Массажер для шеи, спины и тела электрический",1175.0,4.6,52,For the house
169414840,Массажер для ног и тела электрический микротоковый коврик,210.0,4.1,2957,OT Shop
230860641,Массажер для шеи микротоковый Heal-Help JT88,1792.0,4.4,105,ЦЕНТР РАСПРОДАЖ
321739236,Массажер импульсный универсальный,547.0,4.4,67,
252662095,микротоковый массажер для лица,1579.0,4.8,192,S-HOUS
210693520,Дермапен Q2,11909.0,4.8,568,Dr.Pen
217383600,Воротник - массажер,1502.0,4.7,45,DiscountsDA
366415188,Микротоковый массажер для лица RF лифтинг Фонофорез,2428.0,4.8,1959,BodyRave
163396805,Массажер для ног электрический коврик перкуссионный,597.0,4.0,27,EMS массажер для ног
260154250,Массажер для шеи и спины,1463.0,4.7,5170,
232122655,Микротоновый массажер для шеи плеч головы спины,394.0,4.3,23,Первый Молл
230916736,Массажер для тела ног массажа шеи перкуссионный пистолет,495.0,4.4,2532,Eligio
281702211,Электрический (вибромассажер) массажер для ног и стоп,7376.0,4.9,602,Keona
330762828,Массажер для шеи электрический импульсный JT 88,1313.0,4.5,23,Smart Neck Massager
175014274,массажер,1255.0,4.0,21,Массажер для спины и шеи
160513836,Массажер для спины шеи и плеч электрический роликовый,1045.0,4.4,296,Массажер для спины и шеи
80864816,Микротоковый роликовый массажер для лица микротоки аппарат,540.0,4.5,1344,POLLY DОLLY
201921723,Лифтинг аппарат для лица микротоковый 7в1 розовый,994.0,3.5,55,GOODSTORAGE
204898543,"Электрический косметический массажер для шеи, спины и тела",1309.0,4.3,210,The Gift House
431816399,Виброплатформа для похудения до 150 кг кардио тренажер,4830.0,4.9,62,nv_store
380490993,Микротоковый массажер для лица,1718.0,4.8,48,LenMar
381107256,Массажер электрический для ног и тела перкуссионный,680.0,4.8,48,LenMar
247505306,"Электрический косметический массажер для шеи, спины и тела",858.0,4.7,176,Z-Stor
331334521,Реабилитационный тренажер для рук и ног после инсульта,3219.0,4.8,556,ReBalance
142542013,Косметический микротоковый вибромассажер для лица,1525.0,4.6,600,Dimarket
15847178,"Массажная подушка, массажер для спины шеи и плеч",1043.0,4.7,14172,Массажер Medi Brawl
229559615,Массажер для лица электрический микротоковый от морщин,601.0,4.5,61,000 9255132020 KNS
145412566,Электрический EMS микротоковый вибромассажер для лица и шеи,1942.0,4.6,600,Dimarket
258381724,Микротоковый массажер для лица микротоки аппарат,1263.0,4.6,383,UNIBRAND
253733543,Массажер для шеи и спины,1346.0,4.3,32,Homemade
266526682,Электрический массажер для ног ems foot massager,395.0,4.3,29,Другой мир
325759395,Микротоковый массажер для лица RF лифтинг микротоки,1050.0,4.9,91,
348971834,Массажер для шеи спины и тела,1282.0,4.6,157,
236182252,Массажер для шеи и спины,1423.0,4.7,5170,Массажная подушка
151556802,Электронный фитнес-пояс Пояс массажер для похудения,680.0,4.2,227,GOODSTORAGE
239568346,Кольцо для микротокового аппарат массажера для лица M99,217.0,4.7,20,Kirei Tech
199276534,Мини массажер бабочка электрический,428.0,4.2,45,домашние трофеи
370261818,Микротоковый массажер для лица и шеи RF-лифтинг Фонофорез,7908.0,4.9,363,RFLY
160512810,Массажер для спины шеи и плеч электрический роликовый,1300.0,4.1,27,Массажер для спины и шеи
260593111,"Массажер для шеи, спины и ног",1042.0,4.5,29,Like Home
215315579,"Электрический косметический массажер для шеи, спины и тела",3347.0,3.8,20,CostPrice
222657647,Массажер для лица EMS лифтинг,3420.0,4.8,287,Honey destiny
265000912,Массажер для лица и шеи микротоковый и аппарат rf лифтинг,830.0,4.7,600,Alisashops
152999291,EMS массажер для ног электрический микротоковый для стоп,303.0,3.4,25,TEXNIKA
269117306,Прибор OVA + для облегчения боли при месячных без таблеток,9076.0,4.9,50,TensCare
250111155,"Массажер для шеи, спины и тела электрический",1629.0,4.5,30,For the house
176754879,Физиотерапевтический аппарат для лечения БиоТЭНС медицинский,17327.0,4.9,345,iHelp
310914986,Микротоковый массажер для лица RF лифтинг,1520.0,4.5,51,Comfort Creator
195627687,Массажер для ног электрический Foot Massager,370.0,3.7,111,EMS
156583085,Массажёр для шеи и плеч универсальный,1058.0,4.5,39,City of goods
49468221,RF лифтинг аппарат для лица m1610,15480.0,4.7,2342,Gezatone
316853212,Электрический массажер для ног и стоп,9010.0,4.9,602,Keona
102415520,Массажер MIO для коррекции фигуры,4449.0,4.5,260,GESS
157554954,Электронный массажер подушка для шеи и плеч массаж,641.0,4.4,37,City of goods
17756945,Микротоковый роликовый массажер роллер для лица E-Wave,6575.0,4.7,184,OLZORI
307832425,Массажёр для лица микротоковый,1285.0,4.6,193,
270059490,Массажер для лица и глаз,372.0,4.8,20,
252299290,"Электрический косметический массажер для шеи, спины и тела",1151.0,4.6,71,Alik Shop
150041947,Массажер для ног электрический коврик,304.0,3.8,115,OptexpressTV
180615763,Массажер для ног электрический,637.0,3.5,22,АРТ ПОДАРКИ
30582312,Ролик для массажа Древмасс с шипами,2627.0,4.9,738,DREVMASS
209436534,Лифтинг массажер для лица и шеи,522.0,4.8,241,KairosGroup
164231638,Массажер ручной роликовый для тела,403.0,4.7,56,HealthWave
29979779,Спортивный пояс для похудения с эффектом тонизации мышц,1456.0,4.1,1262,TechZonech ADENIS
160803882,Микротоковый массажёр для лица,1677.0,4.6,83,VanseL
173248110,Пояс массажёр,2371.0,4.3,22,PaSsion1
404068098,Микротоковый RF лифтинг массажер для лица от морщин отеков,1857.0,4.7,64,GlowLab
54359422,Микротоковый массажер для лица и шеи аппарат лифтинг EMS,1253.0,4.6,75,Beauzy
171491771,Массажер электрический коврик для ног,376.0,3.8,65,Массажер для ног
303480563,Массажер тренажер электрический,941.0,4.6,30,RuMir
199730528,Микротоковый массажный набор для лица от отеков и морщин,3405.0,4.8,535,LUXLIFTING
219310141,Миостимулятор и аппарат для массажной терапии,658.0,4.3,26,Alice
251190726,Массажер для спины шеи и плеч,1110.0,4.3,964,
163986943,Перкуссионный массажер для тела шеи спины вибро пистолет,467.0,3.6,27,Sharry’s
6808578,Массажер для ягодиц,1064.0,3.4,20,MyBliss
193349762,Массажер для ног электрический коврик EMS,355.0,3.5,38,by BAZZAR
304401940,Микротоковый вибромассажер для лица и шеи,972.0,4.6,139,Plantos
264230794,Массажер для лица электрический RF лифтинг микротоковый,1049.0,4.7,47,
242625769,Массажер микротоковый для лица и шеи,379.0,4.2,46,Dary Beauty
245400956,Перкуссионный массажер пистолет профессиональный,2744.0,4.8,792,GoldenTouch
168520383,Массажер ручной роликовый для тела,403.0,4.7,56,HealthWave
373559433,Микротоковый массажер для лица и шеи EMS лифтинг,971.0,4.7,60,SaleHome
190319028,Массажер для ног и тела электрический микротоковый коврик,491.0,3.7,38,VIHome
82587770,Массажный мио стимулятор коврик для стоп,351.0,3.3,204,Массажер для стоп
428280947,Массажный коврик для ног + массажер миостимулятор,1739.0,4.7,51,CostPrice
264402845,Массажер для шеи электрический,1220.0,4.4,46,MultiElectronika
163458244,Массажер для лица микротоковый электрический от морщин EMS,3219.0,4.8,225,Dr Beauty You
149488507,Электрический EMS микротоковый вибромассажер для лица и шеи,1946.0,4.6,600,Dimarket
204729179,"Электрический косметический массажер для шеи, спины и тела",1290.0,4.3,210,The Gift House
158466106,Массажёр для шеи и спины электрический импульсный,1095.0,4.4,128,Electronic Shop
206239818,Массажер для лица шеи микротоковый электрический от отеков,461.0,4.6,708,ORZALA
244394808,Массажер для шеи и спины электрический,1658.0,4.6,311,CUREWAY
199236899,Антицеллюлитный массажер для тела миостимулятор,676.0,4.2,45,домашние трофеи
238716037,Массажный коврик электрический массажер для тела ног шеи,5343.0,4.6,32,Удобные штучки
171225327,Массажер для лица и тела,865.0,4.7,36,Quick purchases
213129969,Ролик с шипами Древмасс из ABS пластика,1197.0,4.7,76,DREVMASS
172919419,Косметический аппарат Массажер для лица,5374.0,4.6,80,RF лифтинг / Профессиональный гаджет для красоты
276178808,Микротоковый массажер для лица RF лифтинг Фонофорез,2754.0,4.9,70,Skin Bliss
236485799,Массажер электрический для лица и тела,1117.0,4.6,37,Miss Store
354637348,Косметический микротоковый вибромассажер для лица,1359.0,4.6,600,Dimarket
239568299,Подставка для микротокового аппарата массажера для лица M99,352.0,4.8,413,Kirei Tech
264416846,Массажер для ног электрический EMS Foot Massager,433.0,4.6,43,EMS MASSAGER
405657557,Микротоковый роликовый массажер роллер для лица,2459.0,4.7,217,
155914514,Массажер ручной роликовый для тела,401.0,4.7,56,HealthWave
294649624,Массажер умный электрический для головы,947.0,4.3,67,Sharif Shop
213058013,Массажер для спины шеи и плеч,1596.0,4.1,156,Небо маг
14568528,Массажёр для шеи ног спины плеч и тела,1500.0,4.7,12804,Массажер Showerli
72234319,Ролик с шипами Древмасс из ABS пластика,1213.0,4.7,76,DREVMASS
229767312,Массажер для лица электрический микротоковый от морщин,789.0,4.2,407,000-Art
16798639,"Ультразвуковая чистка лица аппарат, от черных точек",7007.0,4.8,44,Lifetrons
175204508,Массажер для ног электрический коврик,300.0,3.5,55,UltraLife
307010468,Массажер для тела электрический,1289.0,4.9,47,A.Home
399715975,Подставка для микротокового массажера,46.0,5.0,96,
177556877,Массажёр для шеи и плеч,1301.0,4.5,39,City of goods
